CounterID_ASTA,daylight_hours,is_lighty,humidity,temperature,true,pred,StartTime,Lat,Lon,ASTA_Counters.NationalParkCode
900,11.606666666666667,0,0.94,10.47,0,1.4869969107232415,2019-10-01 04:00:00,68.14822237494718,24.09705541249237,Pallas-Yllästunturi
900,11.603055555555557,0,0.93,10.14,0,1.322713962593313,2019-10-01 05:00:00,68.14822237494718,24.09705541249237,Pallas-Yllästunturi
900,11.599166666666667,0,0.93,8.98,0,1.300604888908204,2019-10-01 06:00:00,68.14822237494718,24.09705541249237,Pallas-Yllästunturi
900,11.595277777777778,1,0.89,8.9,0,4.07517422437738,2019-10-01 07:00:00,68.14822237494718,24.09705541249237,Pallas-Yllästunturi
900,11.591666666666667,1,0.97,6.79,0,3.959568206098665,2019-10-01 08:00:00,68.14822237494718,24.09705541249237,Pallas-Yllästunturi
912,11.405277777777775,0,0.93,10.14,0,2.0420508109228517,2019-10-01 05:00:00,60.32692454295634,24.495358359272675,Nuuksio
912,11.4,0,0.93,8.98,1,2.0199417372377426,2019-10-01 06:00:00,60.32692454295634,24.495358359272675,Nuuksio
912,11.394444444444444,1,0.89,8.9,0,5.215140747467293,2019-10-01 07:00:00,60.32692454295634,24.495358359272675,Nuuksio
912,11.389166666666664,1,0.97,6.79,0,4.996593163693238,2019-10-01 08:00:00,60.32692454295634,24.495358359272675,Nuuksio
912,11.383611111111113,1,0.76,8.06,22,5.4020747973684715,2019-10-01 09:00:00,60.32692454295634,24.495358359272675,Nuuksio
912,11.378611111111107,1,0.93,5.72,1,5.1125188607032825,2019-10-01 10:00:00,60.32692454295634,24.495358359272675,Nuuksio
912,11.373055555555556,1,0.92,3.37,3,4.43692095542427,2019-10-01 11:00:00,60.32692454295634,24.495358359272675,Nuuksio
912,11.367777777777775,1,0.67,7.28,10,6.1249560910459655,2019-10-01 12:00:00,60.32692454295634,24.495358359272675,Nuuksio
912,11.362222222222226,1,0.67,7.19,16,6.1249560910459655,2019-10-01 13:00:00,60.32692454295634,24.495358359272675,Nuuksio
912,11.356666666666667,1,0.62,7.53,1,6.263196460858702,2019-10-01 14:00:00,60.32692454295634,24.495358359272675,Nuuksio
912,11.351388888888893,1,0.86,4.86,2,4.401931107318378,2019-10-01 15:00:00,60.32692454295634,24.495358359272675,Nuuksio
912,11.345833333333333,1,0.91,1.98,3,4.034278473581108,2019-10-01 16:00:00,60.32692454295634,24.495358359272675,Nuuksio
912,11.340555555555556,1,0.69,5.82,5,5.482201539626192,2019-10-01 17:00:00,60.32692454295634,24.495358359272675,Nuuksio
912,11.335,0,0.79,6.44,2,2.216441993479709,2019-10-01 18:00:00,60.32692454295634,24.495358359272675,Nuuksio
912,11.329722222222221,0,0.8,5.49,0,2.1612373737025345,2019-10-01 19:00:00,60.32692454295634,24.495358359272675,Nuuksio
912,11.324166666666667,0,0.84,4.6,2,1.5108041888729191,2019-10-01 20:00:00,60.32692454295634,24.495358359272675,Nuuksio
912,11.318888888888884,0,0.84,4.63,0,1.5108041888729191,2019-10-01 21:00:00,60.32692454295634,24.495358359272675,Nuuksio
912,11.313611111111117,0,0.9,3.78,0,1.2398578782143246,2019-10-01 22:00:00,60.32692454295634,24.495358359272675,Nuuksio
912,11.308333333333335,0,0.96,2.81,0,1.3488720118832436,2019-10-01 23:00:00,60.32692454295634,24.495358359272675,Nuuksio
912,11.302777777777774,0,0.96,2.74,0,1.3488720118832436,2019-10-02 00:00:00,60.32692454295634,24.495358359272675,Nuuksio
912,11.2975,0,0.89,3.77,0,1.2398578782143246,2019-10-02 01:00:00,60.32692454295634,24.495358359272675,Nuuksio
912,11.291944444444445,0,0.83,5.78,0,2.0406174357153444,2019-10-02 02:00:00,60.32692454295634,24.495358359272675,Nuuksio
912,11.286388888888887,0,0.9,5.79,0,1.777620137976153,2019-10-02 03:00:00,60.32692454295634,24.495358359272675,Nuuksio
912,11.281111111111107,0,0.9,5.71,0,1.777620137976153,2019-10-02 04:00:00,60.32692454295634,24.495358359272675,Nuuksio
912,11.275555555555556,0,0.89,5.71,0,1.777620137976153,2019-10-02 05:00:00,60.32692454295634,24.495358359272675,Nuuksio
912,11.270277777777775,0,0.94,4.68,0,1.3020421234913206,2019-10-02 06:00:00,60.32692454295634,24.495358359272675,Nuuksio
912,11.264722222222225,1,0.95,3.45,2,4.344047129259906,2019-10-02 07:00:00,60.32692454295634,24.495358359272675,Nuuksio
912,11.259444444444444,1,1.0,3.28,0,4.277440857282788,2019-10-02 08:00:00,60.32692454295634,24.495358359272675,Nuuksio
912,11.253888888888893,1,1.0,4.33,0,4.358704756889766,2019-10-02 09:00:00,60.32692454295634,24.495358359272675,Nuuksio
912,11.248611111111114,1,0.95,5.45,2,4.986324795100936,2019-10-02 10:00:00,60.32692454295634,24.495358359272675,Nuuksio
912,11.243333333333334,1,0.95,5.53,2,4.986324795100936,2019-10-02 11:00:00,60.32692454295634,24.495358359272675,Nuuksio
912,11.238055555555556,1,0.56,3.87,5,5.840062474580203,2019-10-02 12:00:00,60.32692454295634,24.495358359272675,Nuuksio
912,11.2325,1,0.82,0.35,3,3.0668090875840477,2019-10-02 13:00:00,60.32692454295634,24.495358359272675,Nuuksio
912,11.227222222222226,1,0.79,0.83,4,3.360753130157586,2019-10-02 14:00:00,60.32692454295634,24.495358359272675,Nuuksio
912,11.221666666666666,1,0.8,6.38,1,5.134579833598521,2019-10-02 15:00:00,60.32692454295634,24.495358359272675,Nuuksio
912,11.216388888888886,1,0.77,-0.23,3,3.1679055146834663,2019-10-02 16:00:00,60.32692454295634,24.495358359272675,Nuuksio
912,11.210833333333332,1,0.48,4.36,11,5.667297966064418,2019-10-02 17:00:00,60.32692454295634,24.495358359272675,Nuuksio
912,11.205277777777773,0,0.55,3.66,10,2.0407408606207924,2019-10-02 18:00:00,60.32692454295634,24.495358359272675,Nuuksio
912,11.2,0,0.78,6.4,0,2.216441993479709,2019-10-02 19:00:00,60.32692454295634,24.495358359272675,Nuuksio
912,11.194444444444445,0,0.83,5.53,1,1.9954783908972358,2019-10-02 20:00:00,60.32692454295634,24.495358359272675,Nuuksio
912,11.189166666666667,0,0.83,5.63,0,2.0406174357153444,2019-10-02 21:00:00,60.32692454295634,24.495358359272675,Nuuksio
912,11.183611111111107,0,0.82,4.69,0,1.3560636066053497,2019-10-02 22:00:00,60.32692454295634,24.495358359272675,Nuuksio
912,11.178333333333333,0,0.88,3.82,0,1.2398578782143246,2019-10-02 23:00:00,60.32692454295634,24.495358359272675,Nuuksio
912,11.172777777777775,0,0.87,2.85,0,1.3462162646080977,2019-10-03 00:00:00,60.32692454295634,24.495358359272675,Nuuksio
912,11.1675,0,0.87,2.85,0,1.165126444307691,2019-10-03 01:00:00,60.32692454295634,24.495358359272675,Nuuksio
912,11.161944444444444,0,0.93,1.7,0,0.6105937080633025,2019-10-03 02:00:00,60.32692454295634,24.495358359272675,Nuuksio
912,11.156944444444445,0,0.94,2.56,0,1.187391757979936,2019-10-03 03:00:00,60.32692454295634,24.495358359272675,Nuuksio
912,11.151388888888887,0,0.87,3.57,0,1.1628664080713802,2019-10-03 04:00:00,60.32692454295634,24.495358359272675,Nuuksio
912,11.146111111111107,0,0.81,3.64,0,1.4564664366508195,2019-10-03 05:00:00,60.32692454295634,24.495358359272675,Nuuksio
912,11.140555555555556,0,0.87,3.64,0,1.1628664080713802,2019-10-03 06:00:00,60.32692454295634,24.495358359272675,Nuuksio
912,11.135277777777775,1,0.88,3.5,1,4.01527334679138,2019-10-03 07:00:00,60.32692454295634,24.495358359272675,Nuuksio
912,11.129722222222226,1,0.88,3.44,0,4.01527334679138,2019-10-03 08:00:00,60.32692454295634,24.495358359272675,Nuuksio
912,11.124444444444444,1,0.83,3.46,0,4.272595845937985,2019-10-03 09:00:00,60.32692454295634,24.495358359272675,Nuuksio
912,11.118888888888893,1,0.9,3.41,1,4.01527334679138,2019-10-03 10:00:00,60.32692454295634,24.495358359272675,Nuuksio
912,11.113333333333333,1,0.84,4.33,2,4.3538597455449635,2019-10-03 11:00:00,60.32692454295634,24.495358359272675,Nuuksio
912,11.108055555555556,1,0.59,3.3,20,5.186147725327329,2019-10-03 12:00:00,60.32692454295634,24.495358359272675,Nuuksio
912,11.1025,1,0.56,4.1,6,5.467190863530868,2019-10-03 13:00:00,60.32692454295634,24.495358359272675,Nuuksio
912,11.097222222222221,1,0.88,4.92,0,4.218581250781657,2019-10-03 14:00:00,60.32692454295634,24.495358359272675,Nuuksio
912,11.091666666666667,1,0.51,5.26,13,5.803314558025023,2019-10-03 15:00:00,60.32692454295634,24.495358359272675,Nuuksio
912,11.086388888888886,1,0.84,4.36,0,4.3538597455449635,2019-10-03 16:00:00,60.32692454295634,24.495358359272675,Nuuksio
912,11.080833333333333,1,0.95,3.34,1,4.284520761968743,2019-10-03 17:00:00,60.32692454295634,24.495358359272675,Nuuksio
912,11.075555555555557,0,0.53,3.82,5,1.7721989353826397,2019-10-03 18:00:00,60.32692454295634,24.495358359272675,Nuuksio
912,11.07,0,0.73,-1.04,3,0.7989137788927032,2019-10-03 19:00:00,60.32692454295634,24.495358359272675,Nuuksio
912,11.064722222222226,0,0.98,2.43,0,1.266408141677418,2019-10-03 20:00:00,60.32692454295634,24.495358359272675,Nuuksio
912,11.059166666666664,0,0.96,2.51,0,1.2421706592912616,2019-10-03 21:00:00,60.32692454295634,24.495358359272675,Nuuksio
912,11.053888888888887,0,0.96,1.64,0,0.8198102521399058,2019-10-03 22:00:00,60.32692454295634,24.495358359272675,Nuuksio
912,11.048611111111107,0,0.95,1.75,0,0.8562200444027821,2019-10-03 23:00:00,60.32692454295634,24.495358359272675,Nuuksio
912,11.043333333333333,0,0.94,1.83,0,0.7650313508285803,2019-10-04 00:00:00,60.32692454295634,24.495358359272675,Nuuksio
912,11.037777777777775,0,0.94,1.85,0,0.7650313508285803,2019-10-04 01:00:00,60.32692454295634,24.495358359272675,Nuuksio
912,11.0325,0,0.93,1.82,0,0.6083336718269915,2019-10-04 02:00:00,60.32692454295634,24.495358359272675,Nuuksio
912,11.026944444444444,0,0.93,1.83,0,0.6083336718269915,2019-10-04 03:00:00,60.32692454295634,24.495358359272675,Nuuksio
912,11.021666666666668,0,0.92,1.77,0,0.6957239324484975,2019-10-04 04:00:00,60.32692454295634,24.495358359272675,Nuuksio
912,11.016111111111114,0,0.86,1.79,0,0.7689024708605846,2019-10-04 05:00:00,60.32692454295634,24.495358359272675,Nuuksio
912,11.010833333333334,0,0.86,1.82,0,0.7689024708605846,2019-10-04 06:00:00,60.32692454295634,24.495358359272675,Nuuksio
912,11.005277777777774,1,0.83,-4.29,3,3.6368899013096088,2019-10-04 07:00:00,60.32692454295634,24.495358359272675,Nuuksio
912,10.999722222222225,1,0.95,0.6,0,3.329702660417734,2019-10-04 08:00:00,60.32692454295634,24.495358359272675,Nuuksio
912,10.994444444444444,1,0.95,0.53,1,3.329702660417734,2019-10-04 09:00:00,60.32692454295634,24.495358359272675,Nuuksio
912,10.988888888888884,1,0.95,1.38,1,3.7486217905106156,2019-10-04 10:00:00,60.32692454295634,24.495358359272675,Nuuksio
912,10.983611111111117,1,0.82,-1.86,4,3.056703400203698,2019-10-04 11:00:00,60.32692454295634,24.495358359272675,Nuuksio
912,10.978055555555557,1,0.91,2.14,1,3.8772335181271425,2019-10-04 12:00:00,60.32692454295634,24.495358359272675,Nuuksio
912,10.972777777777774,1,0.9,2.35,2,3.9680983614905587,2019-10-04 13:00:00,60.32692454295634,24.495358359272675,Nuuksio
912,10.967222222222222,1,0.72,0.84,3,3.4457600639955954,2019-10-04 14:00:00,60.32692454295634,24.495358359272675,Nuuksio
912,10.961944444444445,1,0.8,2.92,2,4.145607414623573,2019-10-04 15:00:00,60.32692454295634,24.495358359272675,Nuuksio
912,10.956388888888887,1,0.83,2.91,0,4.272595845937985,2019-10-04 16:00:00,60.32692454295634,24.495358359272675,Nuuksio
912,10.951111111111107,1,0.53,3.51,34,5.498205662654471,2019-10-04 17:00:00,60.32692454295634,24.495358359272675,Nuuksio
912,10.945555555555556,0,0.48,2.62,6,1.9664184796873336,2019-10-04 18:00:00,60.32692454295634,24.495358359272675,Nuuksio
912,10.940277777777775,0,0.49,2.59,7,1.9324706073041285,2019-10-04 19:00:00,60.32692454295634,24.495358359272675,Nuuksio
912,10.934722222222225,0,0.95,0.68,2,0.6970203928882192,2019-10-04 20:00:00,60.32692454295634,24.495358359272675,Nuuksio
912,10.929444444444444,0,0.97,0.53,0,0.660610600625343,2019-10-04 21:00:00,60.32692454295634,24.495358359272675,Nuuksio
912,10.923888888888893,0,1.0,-0.42,0,0.7683677444367306,2019-10-04 22:00:00,60.32692454295634,24.495358359272675,Nuuksio
912,10.918611111111113,0,0.93,-0.39,0,0.4671240719348042,2019-10-04 23:00:00,60.32692454295634,24.495358359272675,Nuuksio
912,10.913055555555555,0,0.92,-0.42,0,0.5545143325563102,2019-10-05 00:00:00,60.32692454295634,24.495358359272675,Nuuksio
912,10.907777777777778,0,1.0,-1.46,0,0.7670187978541538,2019-10-05 01:00:00,60.32692454295634,24.495358359272675,Nuuksio
912,10.902222222222226,0,0.93,-1.49,0,0.4657751253522278,2019-10-05 02:00:00,60.32692454295634,24.495358359272675,Nuuksio
912,10.896944444444443,0,0.95,-1.52,0,0.7136614979280187,2019-10-05 03:00:00,60.32692454295634,24.495358359272675,Nuuksio
912,10.891388888888883,0,0.93,-1.24,0,0.3761543377235183,2019-10-05 04:00:00,60.32692454295634,24.495358359272675,Nuuksio
912,10.886111111111116,0,0.92,-1.01,0,0.46354459834502465,2019-10-05 05:00:00,60.32692454295634,24.495358359272675,Nuuksio
912,10.880555555555556,0,0.92,-1.03,0,0.46354459834502465,2019-10-05 06:00:00,60.32692454295634,24.495358359272675,Nuuksio
912,10.875277777777775,1,0.92,-0.13,1,3.0529557577206696,2019-10-05 07:00:00,60.32692454295634,24.495358359272675,Nuuksio
912,10.869722222222226,1,0.94,-1.25,2,3.1349228862124465,2019-10-05 08:00:00,60.32692454295634,24.495358359272675,Nuuksio
912,10.864166666666666,1,0.68,0.64,51,3.6868517318649037,2019-10-05 09:00:00,60.32692454295634,24.495358359272675,Nuuksio
912,10.858888888888886,1,0.66,1.94,9,4.335053621087348,2019-10-05 10:00:00,60.32692454295634,24.495358359272675,Nuuksio
912,10.853333333333332,1,0.63,2.45,24,4.788628000859881,2019-10-05 11:00:00,60.32692454295634,24.495358359272675,Nuuksio
912,10.848055555555556,1,0.58,4.56,19,5.2848186309366705,2019-10-05 12:00:00,60.32692454295634,24.495358359272675,Nuuksio
912,10.8425,1,0.57,5.48,19,5.845832397170719,2019-10-05 13:00:00,60.32692454295634,24.495358359272675,Nuuksio
912,10.837222222222225,1,0.53,6.38,15,6.325042947794297,2019-10-05 14:00:00,60.32692454295634,24.495358359272675,Nuuksio
912,10.831666666666667,1,0.57,6.05,21,5.9384156273614295,2019-10-05 15:00:00,60.32692454295634,24.495358359272675,Nuuksio
912,10.826388888888893,1,0.56,6.07,8,6.031167072326918,2019-10-05 16:00:00,60.32692454295634,24.495358359272675,Nuuksio
912,10.820833333333333,1,0.55,6.16,12,6.031167072326918,2019-10-05 17:00:00,60.32692454295634,24.495358359272675,Nuuksio
912,10.815555555555555,0,0.77,2.81,2,1.368330936762185,2019-10-05 18:00:00,60.32692454295634,24.495358359272675,Nuuksio
912,10.81,0,0.84,1.6,0,0.8359205945772941,2019-10-05 19:00:00,60.32692454295634,24.495358359272675,Nuuksio
912,10.804722222222226,0,0.98,-0.67,0,0.7124781324503158,2019-10-05 20:00:00,60.32692454295634,24.495358359272675,Nuuksio
912,10.799166666666665,0,0.86,0.99,0,0.5096773055582781,2019-10-05 21:00:00,60.32692454295634,24.495358359272675,Nuuksio
912,10.793888888888883,0,0.86,1.06,0,0.5096773055582781,2019-10-05 22:00:00,60.32692454295634,24.495358359272675,Nuuksio
912,10.788333333333336,0,0.84,1.3,0,0.93203532008776,2019-10-05 23:00:00,60.32692454295634,24.495358359272675,Nuuksio
912,10.783055555555556,0,0.88,0.51,0,0.41372364532353917,2019-10-06 00:00:00,60.32692454295634,24.495358359272675,Nuuksio
912,10.7775,0,0.81,1.57,0,0.9129749689522288,2019-10-06 01:00:00,60.32692454295634,24.495358359272675,Nuuksio
912,10.772222222222226,0,0.81,1.59,0,0.9129749689522288,2019-10-06 02:00:00,60.32692454295634,24.495358359272675,Nuuksio
912,10.766666666666667,0,0.81,1.5,0,0.9129749689522288,2019-10-06 03:00:00,60.32692454295634,24.495358359272675,Nuuksio
912,10.761388888888886,0,0.87,1.41,0,0.6792816832318757,2019-10-06 04:00:00,60.32692454295634,24.495358359272675,Nuuksio
912,10.755833333333333,0,0.86,0.7,0,0.5200820317173123,2019-10-06 05:00:00,60.32692454295634,24.495358359272675,Nuuksio
912,10.750555555555556,0,0.91,0.28,0,0.41372364532353917,2019-10-06 06:00:00,60.32692454295634,24.495358359272675,Nuuksio
912,10.745,1,0.91,-0.7,1,2.9445031780094726,2019-10-06 07:00:00,60.32692454295634,24.495358359272675,Nuuksio
922,11.410833333333333,0,0.94,10.47,0,0.965679462322708,2019-10-01 04:00:00,60.3307308136045,24.49283804648889,Nuuksio
922,11.405277777777775,0,0.93,10.14,0,0.8498457089174601,2019-10-01 05:00:00,60.3307308136045,24.49283804648889,Nuuksio
922,11.4,0,0.93,8.98,0,0.8277366352323511,2019-10-01 06:00:00,60.3307308136045,24.49283804648889,Nuuksio
922,11.394444444444444,1,0.89,8.9,1,3.569063618946914,2019-10-01 07:00:00,60.3307308136045,24.49283804648889,Nuuksio
922,11.389166666666664,1,0.97,6.79,0,3.4050084059435193,2019-10-01 08:00:00,60.3307308136045,24.49283804648889,Nuuksio
922,11.383611111111113,1,0.93,5.81,0,3.5209341029535617,2019-10-01 09:00:00,60.3307308136045,24.49283804648889,Nuuksio
922,11.378611111111107,1,0.93,5.72,0,3.5209341029535617,2019-10-01 10:00:00,60.3307308136045,24.49283804648889,Nuuksio
922,11.373055555555556,1,0.85,5.93,0,3.5874284218487595,2019-10-01 11:00:00,60.3307308136045,24.49283804648889,Nuuksio
922,11.367777777777775,1,0.67,7.6,0,4.141596954290783,2019-10-01 12:00:00,60.3307308136045,24.49283804648889,Nuuksio
922,11.362222222222226,1,0.59,8.41,1,4.790563085076423,2019-10-01 13:00:00,60.3307308136045,24.49283804648889,Nuuksio
922,11.356666666666667,1,0.62,7.53,1,4.315665446450463,2019-10-01 14:00:00,60.3307308136045,24.49283804648889,Nuuksio
922,11.351388888888893,1,0.86,4.86,0,2.9513403417339994,2019-10-01 15:00:00,60.3307308136045,24.49283804648889,Nuuksio
922,11.345833333333333,1,0.87,4.86,0,2.9513403417339994,2019-10-01 16:00:00,60.3307308136045,24.49283804648889,Nuuksio
922,11.340555555555556,1,0.79,6.19,1,3.1559991984568043,2019-10-01 17:00:00,60.3307308136045,24.49283804648889,Nuuksio
922,11.335,0,0.79,6.44,2,0.8631786390606423,2019-10-01 18:00:00,60.3307308136045,24.49283804648889,Nuuksio
922,11.329722222222221,0,0.8,5.49,0,0.8079740192834671,2019-10-01 19:00:00,60.3307308136045,24.49283804648889,Nuuksio
922,11.324166666666667,0,0.84,4.6,0,0.5199017189655535,2019-10-01 20:00:00,60.3307308136045,24.49283804648889,Nuuksio
922,11.318888888888884,0,0.84,4.63,0,0.5199017189655535,2019-10-01 21:00:00,60.3307308136045,24.49283804648889,Nuuksio
922,11.313611111111117,0,0.9,3.78,0,0.36518314352822123,2019-10-01 22:00:00,60.3307308136045,24.49283804648889,Nuuksio
922,11.308333333333335,0,0.96,2.81,0,0.47419727719714017,2019-10-01 23:00:00,60.3307308136045,24.49283804648889,Nuuksio
922,11.302777777777774,0,0.96,2.74,0,0.47419727719714017,2019-10-02 00:00:00,60.3307308136045,24.49283804648889,Nuuksio
922,11.2975,0,0.89,3.77,0,0.36518314352822123,2019-10-02 01:00:00,60.3307308136045,24.49283804648889,Nuuksio
922,11.291944444444445,0,0.83,5.78,0,0.6873540812962772,2019-10-02 02:00:00,60.3307308136045,24.49283804648889,Nuuksio
922,11.286388888888887,0,0.9,5.79,0,0.6399074067414234,2019-10-02 03:00:00,60.3307308136045,24.49283804648889,Nuuksio
922,11.281111111111107,0,0.9,5.71,0,0.6399074067414234,2019-10-02 04:00:00,60.3307308136045,24.49283804648889,Nuuksio
922,11.275555555555556,0,0.89,5.71,0,0.6399074067414234,2019-10-02 05:00:00,60.3307308136045,24.49283804648889,Nuuksio
922,11.270277777777775,0,0.94,4.68,0,0.4273673888052174,2019-10-02 06:00:00,60.3307308136045,24.49283804648889,Nuuksio
922,11.264722222222225,1,0.95,3.45,0,3.015500368058815,2019-10-02 07:00:00,60.3307308136045,24.49283804648889,Nuuksio
922,11.259444444444444,1,1.0,3.28,0,2.9638636160610288,2019-10-02 08:00:00,60.3307308136045,24.49283804648889,Nuuksio
922,11.253888888888893,1,1.0,4.33,0,3.0451275156680078,2019-10-02 09:00:00,60.3307308136045,24.49283804648889,Nuuksio
922,11.248611111111114,1,0.95,5.45,1,3.394740037351217,2019-10-02 10:00:00,60.3307308136045,24.49283804648889,Nuuksio
922,11.243333333333334,1,0.95,5.53,1,3.394740037351217,2019-10-02 11:00:00,60.3307308136045,24.49283804648889,Nuuksio
922,11.238055555555556,1,0.9,6.52,1,3.4126610080166113,2019-10-02 12:00:00,60.3307308136045,24.49283804648889,Nuuksio
922,11.2325,1,0.85,6.41,1,3.453072184140768,2019-10-02 13:00:00,60.3307308136045,24.49283804648889,Nuuksio
922,11.227222222222226,1,0.86,6.44,0,3.4126610080166113,2019-10-02 14:00:00,60.3307308136045,24.49283804648889,Nuuksio
922,11.221666666666666,1,0.8,6.38,0,3.2267608648632846,2019-10-02 15:00:00,60.3307308136045,24.49283804648889,Nuuksio
922,11.216388888888886,1,0.75,6.5,1,3.251435995066331,2019-10-02 16:00:00,60.3307308136045,24.49283804648889,Nuuksio
922,11.210833333333332,1,0.69,7.53,0,3.6348173465122975,2019-10-02 17:00:00,60.3307308136045,24.49283804648889,Nuuksio
922,11.205277777777773,0,0.68,7.45,0,0.9365961688011187,2019-10-02 18:00:00,60.3307308136045,24.49283804648889,Nuuksio
922,11.2,0,0.78,6.4,1,0.8631786390606423,2019-10-02 19:00:00,60.3307308136045,24.49283804648889,Nuuksio
922,11.194444444444445,0,0.83,5.53,0,0.6422150364781696,2019-10-02 20:00:00,60.3307308136045,24.49283804648889,Nuuksio
922,11.189166666666667,0,0.83,5.63,0,0.6873540812962772,2019-10-02 21:00:00,60.3307308136045,24.49283804648889,Nuuksio
922,11.183611111111107,0,0.82,4.69,0,0.26583824873490886,2019-10-02 22:00:00,60.3307308136045,24.49283804648889,Nuuksio
922,11.178333333333333,0,0.88,3.82,0,0.36518314352822123,2019-10-02 23:00:00,60.3307308136045,24.49283804648889,Nuuksio
922,11.172777777777775,0,0.87,2.85,0,0.4715415299219943,2019-10-03 00:00:00,60.3307308136045,24.49283804648889,Nuuksio
922,11.1675,0,0.87,2.85,0,0.29045170962158673,2019-10-03 01:00:00,60.3307308136045,24.49283804648889,Nuuksio
922,11.161944444444444,0,0.93,1.7,0,-0.26408102662280375,2019-10-03 02:00:00,60.3307308136045,24.49283804648889,Nuuksio
922,11.156944444444445,0,0.94,2.56,0,0.3127170232938317,2019-10-03 03:00:00,60.3307308136045,24.49283804648889,Nuuksio
922,11.151388888888887,0,0.87,3.57,0,0.28819167338527574,2019-10-03 04:00:00,60.3307308136045,24.49283804648889,Nuuksio
922,11.146111111111107,0,0.81,3.64,0,0.36624107878037837,2019-10-03 05:00:00,60.3307308136045,24.49283804648889,Nuuksio
922,11.140555555555556,0,0.87,3.64,0,0.28819167338527574,2019-10-03 06:00:00,60.3307308136045,24.49283804648889,Nuuksio
922,11.135277777777775,1,0.88,3.5,0,2.6867265855903026,2019-10-03 07:00:00,60.3307308136045,24.49283804648889,Nuuksio
922,11.129722222222226,1,0.88,3.44,0,2.6867265855903026,2019-10-03 08:00:00,60.3307308136045,24.49283804648889,Nuuksio
922,11.124444444444444,1,0.83,3.46,0,2.6278148737513836,2019-10-03 09:00:00,60.3307308136045,24.49283804648889,Nuuksio
922,11.118888888888893,1,0.9,3.41,0,2.6867265855903026,2019-10-03 10:00:00,60.3307308136045,24.49283804648889,Nuuksio
922,11.113333333333333,1,0.84,4.33,0,2.8084016613214375,2019-10-03 11:00:00,60.3307308136045,24.49283804648889,Nuuksio
922,11.108055555555556,1,0.84,4.32,0,2.8084016613214375,2019-10-03 12:00:00,60.3307308136045,24.49283804648889,Nuuksio
922,11.1025,1,0.85,4.41,1,2.8084016613214375,2019-10-03 13:00:00,60.3307308136045,24.49283804648889,Nuuksio
922,11.097222222222221,1,0.88,4.92,0,2.7679904851972816,2019-10-03 14:00:00,60.3307308136045,24.49283804648889,Nuuksio
922,11.091666666666667,1,0.85,4.41,0,2.8084016613214375,2019-10-03 15:00:00,60.3307308136045,24.49283804648889,Nuuksio
922,11.086388888888886,1,0.84,4.36,0,2.8084016613214375,2019-10-03 16:00:00,60.3307308136045,24.49283804648889,Nuuksio
922,11.080833333333333,1,0.95,3.34,0,2.955974000767653,2019-10-03 17:00:00,60.3307308136045,24.49283804648889,Nuuksio
922,11.075555555555557,0,0.9,3.35,0,0.18183328699150259,2019-10-03 18:00:00,60.3307308136045,24.49283804648889,Nuuksio
922,11.07,0,0.9,3.38,0,0.18183328699150259,2019-10-03 19:00:00,60.3307308136045,24.49283804648889,Nuuksio
922,11.064722222222226,0,0.98,2.43,0,0.40670292697064314,2019-10-03 20:00:00,60.3307308136045,24.49283804648889,Nuuksio
922,11.059166666666664,0,0.96,2.51,0,0.3674959246051578,2019-10-03 21:00:00,60.3307308136045,24.49283804648889,Nuuksio
922,11.053888888888887,0,0.96,1.64,0,-0.054864482546200265,2019-10-03 22:00:00,60.3307308136045,24.49283804648889,Nuuksio
922,11.048611111111107,0,0.95,1.75,0,-0.018454690283324134,2019-10-03 23:00:00,60.3307308136045,24.49283804648889,Nuuksio
922,11.043333333333333,0,0.94,1.83,0,-0.10964338385752621,2019-10-04 00:00:00,60.3307308136045,24.49283804648889,Nuuksio
922,11.037777777777775,0,0.94,1.85,0,-0.10964338385752621,2019-10-04 01:00:00,60.3307308136045,24.49283804648889,Nuuksio
922,11.0325,0,0.93,1.82,0,-0.26634106285911474,2019-10-04 02:00:00,60.3307308136045,24.49283804648889,Nuuksio
922,11.026944444444444,0,0.93,1.83,0,-0.26634106285911474,2019-10-04 03:00:00,60.3307308136045,24.49283804648889,Nuuksio
922,11.021666666666668,0,0.92,1.77,0,-0.178950802237609,2019-10-04 04:00:00,60.3307308136045,24.49283804648889,Nuuksio
922,11.016111111111114,0,0.86,1.79,0,-0.10577226382552185,2019-10-04 05:00:00,60.3307308136045,24.49283804648889,Nuuksio
922,11.010833333333334,0,0.86,1.82,0,-0.10577226382552185,2019-10-04 06:00:00,60.3307308136045,24.49283804648889,Nuuksio
922,11.005277777777774,1,0.94,0.65,0,1.9099672056424555,2019-10-04 07:00:00,60.3307308136045,24.49283804648889,Nuuksio
922,10.999722222222225,1,0.95,0.6,2,2.0011558992166556,2019-10-04 08:00:00,60.3307308136045,24.49283804648889,Nuuksio
922,10.994444444444444,1,0.95,0.53,0,2.0011558992166556,2019-10-04 09:00:00,60.3307308136045,24.49283804648889,Nuuksio
922,10.988888888888884,1,0.95,1.38,0,2.420075029309537,2019-10-04 10:00:00,60.3307308136045,24.49283804648889,Nuuksio
922,10.983611111111117,1,0.97,1.28,1,2.3836652370466616,2019-10-04 11:00:00,60.3307308136045,24.49283804648889,Nuuksio
922,10.978055555555557,1,0.91,2.14,0,2.548686756926064,2019-10-04 12:00:00,60.3307308136045,24.49283804648889,Nuuksio
922,10.972777777777774,1,0.9,2.35,1,2.639551600289481,2019-10-04 13:00:00,60.3307308136045,24.49283804648889,Nuuksio
922,10.967222222222222,1,0.92,2.25,0,2.6727314482711675,2019-10-04 14:00:00,60.3307308136045,24.49283804648889,Nuuksio
922,10.961944444444445,1,0.8,2.92,1,2.5008264424369755,2019-10-04 15:00:00,60.3307308136045,24.49283804648889,Nuuksio
922,10.956388888888887,1,0.83,2.91,0,2.6278148737513836,2019-10-04 16:00:00,60.3307308136045,24.49283804648889,Nuuksio
922,10.951111111111107,1,0.89,1.91,0,2.2614883210375205,2019-10-04 17:00:00,60.3307308136045,24.49283804648889,Nuuksio
922,10.945555555555556,0,0.48,2.62,4,0.7349467958178414,2019-10-04 18:00:00,60.3307308136045,24.49283804648889,Nuuksio
922,10.940277777777775,0,0.94,0.73,1,-0.2688430353720891,2019-10-04 19:00:00,60.3307308136045,24.49283804648889,Nuuksio
922,10.934722222222225,0,0.95,0.68,0,-0.17765434179788736,2019-10-04 20:00:00,60.3307308136045,24.49283804648889,Nuuksio
922,10.929444444444444,0,0.97,0.53,2,-0.21406413406076336,2019-10-04 21:00:00,60.3307308136045,24.49283804648889,Nuuksio
922,10.923888888888893,0,1.0,-0.42,0,-0.09133747027004505,2019-10-04 22:00:00,60.3307308136045,24.49283804648889,Nuuksio
922,10.918611111111113,0,0.93,-0.39,0,-0.4075506627513027,2019-10-04 23:00:00,60.3307308136045,24.49283804648889,Nuuksio
922,10.913055555555555,0,0.92,-0.42,0,-0.32016040212979613,2019-10-05 00:00:00,60.3307308136045,24.49283804648889,Nuuksio
922,10.907777777777778,0,1.0,-1.46,0,-0.09268641685262158,2019-10-05 01:00:00,60.3307308136045,24.49283804648889,Nuuksio
922,10.902222222222226,0,0.93,-1.49,0,-0.40889960933387925,2019-10-05 02:00:00,60.3307308136045,24.49283804648889,Nuuksio
922,10.896944444444443,0,0.95,-1.52,0,-0.16101323675808793,2019-10-05 03:00:00,60.3307308136045,24.49283804648889,Nuuksio
922,10.891388888888883,0,0.93,-1.24,0,-0.49852039696258826,2019-10-05 04:00:00,60.3307308136045,24.49283804648889,Nuuksio
922,10.886111111111116,0,0.92,-1.01,0,-0.4111301363410823,2019-10-05 05:00:00,60.3307308136045,24.49283804648889,Nuuksio
922,10.880555555555556,0,0.92,-1.03,0,-0.4111301363410823,2019-10-05 06:00:00,60.3307308136045,24.49283804648889,Nuuksio
922,10.875277777777775,1,0.92,-0.13,0,1.7244089965195895,2019-10-05 07:00:00,60.3307308136045,24.49283804648889,Nuuksio
922,10.869722222222226,1,0.94,-1.25,0,1.8063761250113672,2019-10-05 08:00:00,60.3307308136045,24.49283804648889,Nuuksio
922,10.864166666666666,1,0.94,-0.33,0,1.830170151908126,2019-10-05 09:00:00,60.3307308136045,24.49283804648889,Nuuksio
922,10.858888888888886,1,0.83,-1.87,3,1.8321916089694248,2019-10-05 10:00:00,60.3307308136045,24.49283804648889,Nuuksio
922,10.853333333333332,1,0.88,0.65,2,1.717859151651975,2019-10-05 11:00:00,60.3307308136045,24.49283804648889,Nuuksio
922,10.848055555555556,1,0.81,1.72,2,1.8621735301611666,2019-10-05 12:00:00,60.3307308136045,24.49283804648889,Nuuksio
922,10.8425,1,0.57,5.48,9,3.989114496676097,2019-10-05 13:00:00,60.3307308136045,24.49283804648889,Nuuksio
922,10.837222222222225,1,0.73,3.18,2,2.679562445182993,2019-10-05 14:00:00,60.3307308136045,24.49283804648889,Nuuksio
922,10.831666666666667,1,0.69,3.75,2,2.7528773318705686,2019-10-05 15:00:00,60.3307308136045,24.49283804648889,Nuuksio
922,10.826388888888893,1,0.8,1.91,3,1.9260606473963993,2019-10-05 16:00:00,60.3307308136045,24.49283804648889,Nuuksio
922,10.820833333333333,1,0.71,3.92,0,2.760826344789972,2019-10-05 17:00:00,60.3307308136045,24.49283804648889,Nuuksio
922,10.815555555555555,0,0.77,2.81,1,0.2781055788917436,2019-10-05 18:00:00,60.3307308136045,24.49283804648889,Nuuksio
922,10.81,0,0.84,1.6,0,-0.15498187533007451,2019-10-05 19:00:00,60.3307308136045,24.49283804648889,Nuuksio
922,10.804722222222226,0,0.98,-0.67,0,-0.14722708225645936,2019-10-05 20:00:00,60.3307308136045,24.49283804648889,Nuuksio
922,10.799166666666665,0,0.86,0.99,0,-0.36499742912782807,2019-10-05 21:00:00,60.3307308136045,24.49283804648889,Nuuksio
922,10.793888888888883,0,0.86,1.06,0,-0.36499742912782807,2019-10-05 22:00:00,60.3307308136045,24.49283804648889,Nuuksio
922,10.788333333333336,0,0.84,1.3,0,-0.05886714981960863,2019-10-05 23:00:00,60.3307308136045,24.49283804648889,Nuuksio
922,10.783055555555556,0,0.88,0.51,0,-0.4609510893625676,2019-10-06 00:00:00,60.3307308136045,24.49283804648889,Nuuksio
922,10.7775,0,0.81,1.57,0,-0.17725038891821404,2019-10-06 01:00:00,60.3307308136045,24.49283804648889,Nuuksio
922,10.772222222222226,0,0.81,1.59,0,-0.17725038891821404,2019-10-06 02:00:00,60.3307308136045,24.49283804648889,Nuuksio
922,10.766666666666667,0,0.81,1.5,0,-0.17725038891821404,2019-10-06 03:00:00,60.3307308136045,24.49283804648889,Nuuksio
922,10.761388888888886,0,0.87,1.41,0,-0.19539305145423075,2019-10-06 04:00:00,60.3307308136045,24.49283804648889,Nuuksio
922,10.755833333333333,0,0.86,0.7,0,-0.35459270296879397,2019-10-06 05:00:00,60.3307308136045,24.49283804648889,Nuuksio
922,10.750555555555556,0,0.91,0.28,0,-0.4609510893625676,2019-10-06 06:00:00,60.3307308136045,24.49283804648889,Nuuksio
922,10.745,1,0.91,-0.7,0,1.6159564168083933,2019-10-06 07:00:00,60.3307308136045,24.49283804648889,Nuuksio
1043,11.405277777777775,0,0.78,8.12,0,3.3517862467780972,2019-10-01 05:00:00,60.303525451006834,24.55039100896953,Nuuksio
1043,11.4,0,0.93,8.98,1,3.1471330034916374,2019-10-01 06:00:00,60.303525451006834,24.55039100896953,Nuuksio
1043,11.394444444444444,1,0.77,8.07,0,6.1319235815626945,2019-10-01 07:00:00,60.303525451006834,24.55039100896953,Nuuksio
1043,11.389166666666664,1,0.77,8.07,0,6.1319235815626945,2019-10-01 08:00:00,60.303525451006834,24.55039100896953,Nuuksio
1043,11.383611111111113,1,0.76,8.06,0,6.152202820488716,2019-10-01 09:00:00,60.303525451006834,24.55039100896953,Nuuksio
1043,11.378611111111107,1,0.74,7.13,0,6.059535561267756,2019-10-01 10:00:00,60.303525451006834,24.55039100896953,Nuuksio
1043,11.373055555555556,1,0.85,5.93,2,6.425812233248561,2019-10-01 11:00:00,60.303525451006834,24.55039100896953,Nuuksio
1043,11.367777777777775,1,0.67,7.28,5,6.722312408815699,2019-10-01 12:00:00,60.303525451006834,24.55039100896953,Nuuksio
1043,11.362222222222226,1,0.67,7.19,0,6.722312408815699,2019-10-01 13:00:00,60.303525451006834,24.55039100896953,Nuuksio
1043,11.356666666666667,1,0.94,2.7,3,5.93250691868863,2019-10-01 14:00:00,60.303525451006834,24.55039100896953,Nuuksio
1043,11.351388888888893,1,0.67,6.06,0,6.7638007530628,2019-10-01 15:00:00,60.303525451006834,24.55039100896953,Nuuksio
1043,11.345833333333333,1,0.91,1.98,3,5.713926956584039,2019-10-01 16:00:00,60.303525451006834,24.55039100896953,Nuuksio
1043,11.340555555555556,1,0.69,5.82,4,6.414694864026186,2019-10-01 17:00:00,60.303525451006834,24.55039100896953,Nuuksio
1043,11.335,0,0.63,6.02,0,3.1392009481383183,2019-10-01 18:00:00,60.303525451006834,24.55039100896953,Nuuksio
1043,11.329722222222221,0,0.68,5.09,0,2.9449668114229723,2019-10-01 19:00:00,60.303525451006834,24.55039100896953,Nuuksio
1043,11.324166666666667,0,0.7,4.92,0,2.9804777770761333,2019-10-01 20:00:00,60.303525451006834,24.55039100896953,Nuuksio
1043,11.318888888888884,0,0.64,5.0,0,2.845138494378824,2019-10-01 21:00:00,60.303525451006834,24.55039100896953,Nuuksio
1043,11.313611111111117,0,0.64,4.97,0,2.845138494378824,2019-10-01 22:00:00,60.303525451006834,24.55039100896953,Nuuksio
1043,11.308333333333335,0,0.6,4.98,0,2.845138494378824,2019-10-01 23:00:00,60.303525451006834,24.55039100896953,Nuuksio
1043,11.302777777777774,0,0.6,3.84,0,2.8371894814594207,2019-10-02 00:00:00,60.303525451006834,24.55039100896953,Nuuksio
1043,11.2975,0,0.61,3.72,0,2.8371894814594207,2019-10-02 01:00:00,60.303525451006834,24.55039100896953,Nuuksio
1043,11.291944444444445,0,0.61,3.68,0,2.8371894814594207,2019-10-02 02:00:00,60.303525451006834,24.55039100896953,Nuuksio
1043,11.286388888888887,0,0.62,3.69,0,2.8371894814594207,2019-10-02 03:00:00,60.303525451006834,24.55039100896953,Nuuksio
1043,11.281111111111107,0,0.57,3.66,0,2.9114969962455772,2019-10-02 04:00:00,60.303525451006834,24.55039100896953,Nuuksio
1043,11.275555555555556,0,0.62,2.68,0,3.1888081833002047,2019-10-02 05:00:00,60.303525451006834,24.55039100896953,Nuuksio
1043,11.270277777777775,0,0.61,2.76,0,2.8371894814594207,2019-10-02 06:00:00,60.303525451006834,24.55039100896953,Nuuksio
1043,11.264722222222225,1,0.61,2.87,0,6.5565760702851605,2019-10-02 07:00:00,60.303525451006834,24.55039100896953,Nuuksio
1043,11.259444444444444,1,0.61,2.88,0,6.5565760702851605,2019-10-02 08:00:00,60.303525451006834,24.55039100896953,Nuuksio
1043,11.253888888888893,1,0.62,2.74,0,6.5565760702851605,2019-10-02 09:00:00,60.303525451006834,24.55039100896953,Nuuksio
1043,11.248611111111114,1,0.62,2.56,0,6.50940108498434,2019-10-02 10:00:00,60.303525451006834,24.55039100896953,Nuuksio
1043,11.243333333333334,1,0.95,5.53,2,6.23312384875102,2019-10-02 11:00:00,60.303525451006834,24.55039100896953,Nuuksio
1043,11.238055555555556,1,0.56,3.87,12,6.889184707767394,2019-10-02 12:00:00,60.303525451006834,24.55039100896953,Nuuksio
1043,11.2325,1,0.51,4.98,8,6.903386422644458,2019-10-02 13:00:00,60.303525451006834,24.55039100896953,Nuuksio
1043,11.227222222222226,1,0.54,5.38,11,7.098612944255581,2019-10-02 14:00:00,60.303525451006834,24.55039100896953,Nuuksio
1043,11.221666666666666,1,0.81,-0.12,3,4.498722686693503,2019-10-02 15:00:00,60.303525451006834,24.55039100896953,Nuuksio
1043,11.216388888888886,1,0.75,6.5,2,6.1010239055148565,2019-10-02 16:00:00,60.303525451006834,24.55039100896953,Nuuksio
1043,11.210833333333332,1,0.69,7.53,2,6.303540168561637,2019-10-02 17:00:00,60.303525451006834,24.55039100896953,Nuuksio
1043,11.205277777777773,0,0.55,3.66,0,2.9001170470182283,2019-10-02 18:00:00,60.303525451006834,24.55039100896953,Nuuksio
1043,11.2,0,0.59,2.82,0,2.9700188803450907,2019-10-02 19:00:00,60.303525451006834,24.55039100896953,Nuuksio
1043,11.194444444444445,0,0.59,2.86,0,2.9700188803450907,2019-10-02 20:00:00,60.303525451006834,24.55039100896953,Nuuksio
1043,11.189166666666667,0,0.6,2.93,0,2.8371894814594207,2019-10-02 21:00:00,60.303525451006834,24.55039100896953,Nuuksio
1043,11.183611111111107,0,0.63,2.06,0,2.6300105994932252,2019-10-02 22:00:00,60.303525451006834,24.55039100896953,Nuuksio
1043,11.178333333333333,0,0.63,1.06,0,1.947441508604659,2019-10-02 23:00:00,60.303525451006834,24.55039100896953,Nuuksio
1043,11.172777777777775,0,0.67,0.1,0,1.7592673541395236,2019-10-03 00:00:00,60.303525451006834,24.55039100896953,Nuuksio
1043,11.1675,0,0.68,0.08,0,1.5781775338391164,2019-10-03 01:00:00,60.303525451006834,24.55039100896953,Nuuksio
1043,11.161944444444444,0,0.68,0.13,0,1.5781775338391164,2019-10-03 02:00:00,60.303525451006834,24.55039100896953,Nuuksio
1043,11.156944444444445,0,0.74,-0.82,0,1.6213533945317706,2019-10-03 03:00:00,60.303525451006834,24.55039100896953,Nuuksio
1043,11.151388888888887,0,0.7,0.13,0,1.6190490989958037,2019-10-03 04:00:00,60.303525451006834,24.55039100896953,Nuuksio
1043,11.146111111111107,0,0.65,1.07,0,1.7589186049106706,2019-10-03 05:00:00,60.303525451006834,24.55039100896953,Nuuksio
1043,11.140555555555556,0,0.69,1.06,0,1.8016741777098437,2019-10-03 06:00:00,60.303525451006834,24.55039100896953,Nuuksio
1043,11.135277777777775,1,0.69,0.93,0,4.811102817748446,2019-10-03 07:00:00,60.303525451006834,24.55039100896953,Nuuksio
1043,11.129722222222226,1,0.7,0.9,0,4.811102817748446,2019-10-03 08:00:00,60.303525451006834,24.55039100896953,Nuuksio
1043,11.124444444444444,1,0.83,3.46,2,5.717975883410604,2019-10-03 09:00:00,60.303525451006834,24.55039100896953,Nuuksio
1043,11.118888888888893,1,0.65,2.03,0,5.813961617009912,2019-10-03 10:00:00,60.303525451006834,24.55039100896953,Nuuksio
1043,11.113333333333333,1,0.84,4.33,1,5.743282018837873,2019-10-03 11:00:00,60.303525451006834,24.55039100896953,Nuuksio
1043,11.108055555555556,1,0.84,4.32,2,5.743282018837873,2019-10-03 12:00:00,60.303525451006834,24.55039100896953,Nuuksio
1043,11.1025,1,0.56,4.1,5,6.516313096718059,2019-10-03 13:00:00,60.303525451006834,24.55039100896953,Nuuksio
1043,11.097222222222221,1,0.56,4.04,10,6.516313096718059,2019-10-03 14:00:00,60.303525451006834,24.55039100896953,Nuuksio
1043,11.091666666666667,1,0.51,5.26,7,6.724045022244505,2019-10-03 15:00:00,60.303525451006834,24.55039100896953,Nuuksio
1043,11.086388888888886,1,0.84,4.36,2,5.743282018837873,2019-10-03 16:00:00,60.303525451006834,24.55039100896953,Nuuksio
1043,11.080833333333333,1,0.5,4.96,0,6.52256579867572,2019-10-03 17:00:00,60.303525451006834,24.55039100896953,Nuuksio
1043,11.075555555555557,0,0.53,3.82,0,2.6844909445793483,2019-10-03 18:00:00,60.303525451006834,24.55039100896953,Nuuksio
1043,11.07,0,0.53,3.96,0,2.6924399574987516,2019-10-03 19:00:00,60.303525451006834,24.55039100896953,Nuuksio
1043,11.064722222222226,0,0.58,2.92,0,2.530676372276843,2019-10-03 20:00:00,60.303525451006834,24.55039100896953,Nuuksio
1043,11.059166666666664,0,0.58,3.11,0,2.530676372276843,2019-10-03 21:00:00,60.303525451006834,24.55039100896953,Nuuksio
1043,11.053888888888887,0,0.58,3.3,0,2.530676372276843,2019-10-03 22:00:00,60.303525451006834,24.55039100896953,Nuuksio
1043,11.048611111111107,0,0.58,3.44,0,2.530676372276843,2019-10-03 23:00:00,60.303525451006834,24.55039100896953,Nuuksio
1043,11.043333333333333,0,0.63,3.49,0,2.456368857490686,2019-10-04 00:00:00,60.303525451006834,24.55039100896953,Nuuksio
1043,11.037777777777775,0,0.68,2.52,0,2.4740889756629727,2019-10-04 01:00:00,60.303525451006834,24.55039100896953,Nuuksio
1043,11.0325,0,0.69,2.43,0,2.4740889756629727,2019-10-04 02:00:00,60.303525451006834,24.55039100896953,Nuuksio
1043,11.026944444444444,0,0.7,2.37,0,2.544533154887174,2019-10-04 03:00:00,60.303525451006834,24.55039100896953,Nuuksio
1043,11.021666666666668,0,0.66,2.41,0,2.539520068837305,2019-10-04 04:00:00,60.303525451006834,24.55039100896953,Nuuksio
1043,11.016111111111114,0,0.66,2.36,0,2.539520068837305,2019-10-04 05:00:00,60.303525451006834,24.55039100896953,Nuuksio
1043,11.010833333333334,0,0.64,2.3,0,2.409193872189865,2019-10-04 06:00:00,60.303525451006834,24.55039100896953,Nuuksio
1043,11.005277777777774,1,0.64,2.19,0,6.03801532394455,2019-10-04 07:00:00,60.303525451006834,24.55039100896953,Nuuksio
1043,10.999722222222225,1,0.65,2.01,0,5.813961617009912,2019-10-04 08:00:00,60.303525451006834,24.55039100896953,Nuuksio
1043,10.994444444444444,1,0.85,-3.66,3,4.641817199190132,2019-10-04 09:00:00,60.303525451006834,24.55039100896953,Nuuksio
1043,10.988888888888884,1,0.95,1.38,1,5.428270273513552,2019-10-04 10:00:00,60.303525451006834,24.55039100896953,Nuuksio
1043,10.983611111111117,1,0.59,3.32,0,6.308584845202094,2019-10-04 11:00:00,60.303525451006834,24.55039100896953,Nuuksio
1043,10.978055555555557,1,0.59,3.33,4,6.308584845202094,2019-10-04 12:00:00,60.303525451006834,24.55039100896953,Nuuksio
1043,10.972777777777774,1,0.59,3.2,18,6.308584845202094,2019-10-04 13:00:00,60.303525451006834,24.55039100896953,Nuuksio
1043,10.967222222222222,1,0.59,4.04,10,6.316533858121496,2019-10-04 14:00:00,60.303525451006834,24.55039100896953,Nuuksio
1043,10.961944444444445,1,0.76,-0.42,3,4.373591093831331,2019-10-04 15:00:00,60.303525451006834,24.55039100896953,Nuuksio
1043,10.956388888888887,1,0.55,3.61,26,6.508364083798656,2019-10-04 16:00:00,60.303525451006834,24.55039100896953,Nuuksio
1043,10.951111111111107,1,0.89,1.91,2,5.269683565241532,2019-10-04 17:00:00,60.303525451006834,24.55039100896953,Nuuksio
1043,10.945555555555556,0,0.72,-1.45,3,1.8947761215965395,2019-10-04 18:00:00,60.303525451006834,24.55039100896953,Nuuksio
1043,10.940277777777775,0,0.94,0.73,2,1.8947780724552905,2019-10-04 19:00:00,60.303525451006834,24.55039100896953,Nuuksio
1043,10.934722222222225,0,0.95,0.68,1,1.9859667660294926,2019-10-04 20:00:00,60.303525451006834,24.55039100896953,Nuuksio
1043,10.929444444444444,0,0.51,2.74,0,2.6953862896338885,2019-10-04 21:00:00,60.303525451006834,24.55039100896953,Nuuksio
1043,10.923888888888893,0,0.55,2.01,0,2.1028991219534627,2019-10-04 22:00:00,60.303525451006834,24.55039100896953,Nuuksio
1043,10.918611111111113,0,0.59,2.27,0,2.5420232710755353,2019-10-04 23:00:00,60.303525451006834,24.55039100896953,Nuuksio
1043,10.913055555555555,0,0.63,0.41,0,1.7471838003957714,2019-10-05 00:00:00,60.303525451006834,24.55039100896953,Nuuksio
1043,10.907777777777778,0,0.64,0.3,0,1.6945637544912036,2019-10-05 01:00:00,60.303525451006834,24.55039100896953,Nuuksio
1043,10.902222222222226,0,0.65,0.13,0,1.4532293010678614,2019-10-05 02:00:00,60.303525451006834,24.55039100896953,Nuuksio
1043,10.896944444444443,0,0.7,-0.98,0,1.6204714743914816,2019-10-05 03:00:00,60.303525451006834,24.55039100896953,Nuuksio
1043,10.891388888888883,0,0.7,-0.71,0,1.5009282673005917,2019-10-05 04:00:00,60.303525451006834,24.55039100896953,Nuuksio
1043,10.886111111111116,0,0.76,-1.74,0,1.8998777946732652,2019-10-05 05:00:00,60.303525451006834,24.55039100896953,Nuuksio
1043,10.880555555555556,0,0.76,-1.89,0,1.8998777946732652,2019-10-05 06:00:00,60.303525451006834,24.55039100896953,Nuuksio
1043,10.875277777777775,1,0.77,-2.04,0,4.450502610569354,2019-10-05 07:00:00,60.303525451006834,24.55039100896953,Nuuksio
1043,10.869722222222226,1,0.94,-1.25,1,4.648849374101538,2019-10-05 08:00:00,60.303525451006834,24.55039100896953,Nuuksio
1043,10.864166666666666,1,0.68,0.64,4,4.999574439713182,2019-10-05 09:00:00,60.303525451006834,24.55039100896953,Nuuksio
1043,10.858888888888886,1,0.66,1.94,12,5.519013914644352,2019-10-05 10:00:00,60.303525451006834,24.55039100896953,Nuuksio
1043,10.853333333333332,1,0.63,2.45,22,5.986339627482325,2019-10-05 11:00:00,60.303525451006834,24.55039100896953,Nuuksio
1043,10.848055555555556,1,0.58,4.56,65,6.281320818219293,2019-10-05 12:00:00,60.303525451006834,24.55039100896953,Nuuksio
1043,10.8425,1,0.57,5.48,57,6.482800041788078,2019-10-05 13:00:00,60.303525451006834,24.55039100896953,Nuuksio
1043,10.837222222222225,1,0.53,6.38,59,6.944164748804448,2019-10-05 14:00:00,60.303525451006834,24.55039100896953,Nuuksio
1043,10.831666666666667,1,0.57,6.05,55,6.575383271978788,2019-10-05 15:00:00,60.303525451006834,24.55039100896953,Nuuksio
1043,10.826388888888893,1,0.56,6.07,28,6.668134716944275,2019-10-05 16:00:00,60.303525451006834,24.55039100896953,Nuuksio
1043,10.820833333333333,1,0.55,6.16,24,6.668134716944275,2019-10-05 17:00:00,60.303525451006834,24.55039100896953,Nuuksio
1043,10.815555555555555,0,0.53,6.41,14,2.9550970880552865,2019-10-05 18:00:00,60.303525451006834,24.55039100896953,Nuuksio
1043,10.81,0,0.53,6.41,8,2.9550970880552865,2019-10-05 19:00:00,60.303525451006834,24.55039100896953,Nuuksio
1043,10.804722222222226,0,0.58,5.13,0,2.576100973242025,2019-10-05 20:00:00,60.303525451006834,24.55039100896953,Nuuksio
1043,10.799166666666665,0,0.57,5.13,4,2.576100973242025,2019-10-05 21:00:00,60.303525451006834,24.55039100896953,Nuuksio
1043,10.793888888888883,0,0.58,5.21,0,2.5978637752317533,2019-10-05 22:00:00,60.303525451006834,24.55039100896953,Nuuksio
1043,10.788333333333336,0,0.59,5.29,0,2.6563856593312667,2019-10-05 23:00:00,60.303525451006834,24.55039100896953,Nuuksio
1043,10.783055555555556,0,0.6,5.3,0,2.523556260445597,2019-10-06 00:00:00,60.303525451006834,24.55039100896953,Nuuksio
1043,10.7775,0,0.62,5.25,0,2.523556260445597,2019-10-06 01:00:00,60.303525451006834,24.55039100896953,Nuuksio
1043,10.772222222222226,0,0.62,5.12,0,2.501793458455869,2019-10-06 02:00:00,60.303525451006834,24.55039100896953,Nuuksio
1043,10.766666666666667,0,0.67,4.05,0,2.3869721403499193,2019-10-06 03:00:00,60.303525451006834,24.55039100896953,Nuuksio
1043,10.761388888888886,0,0.68,4.14,0,2.3869721403499193,2019-10-06 04:00:00,60.303525451006834,24.55039100896953,Nuuksio
1043,10.755833333333333,0,0.64,5.18,0,2.821169770196479,2019-10-06 05:00:00,60.303525451006834,24.55039100896953,Nuuksio
1043,10.750555555555556,0,0.59,5.0,0,2.454906435762482,2019-10-06 06:00:00,60.303525451006834,24.55039100896953,Nuuksio
1043,10.745,1,0.58,5.0,0,6.281320818219293,2019-10-06 07:00:00,60.303525451006834,24.55039100896953,Nuuksio
1043,10.739722222222225,1,0.92,0.34,1,4.706614197933104,2019-10-06 08:00:00,60.303525451006834,24.55039100896953,Nuuksio
1043,10.734166666666667,1,0.62,4.03,5,6.041463625702548,2019-10-06 09:00:00,60.303525451006834,24.55039100896953,Nuuksio
1043,10.728888888888893,1,0.58,5.12,10,6.461037239798349,2019-10-06 10:00:00,60.303525451006834,24.55039100896953,Nuuksio
1043,10.723333333333333,1,0.57,6.53,13,6.63553045518664,2019-10-06 11:00:00,60.303525451006834,24.55039100896953,Nuuksio
1043,10.718055555555557,1,0.52,7.62,44,6.993384662763233,2019-10-06 12:00:00,60.303525451006834,24.55039100896953,Nuuksio
1043,10.7125,1,0.52,7.67,44,6.993384662763233,2019-10-06 13:00:00,60.303525451006834,24.55039100896953,Nuuksio
1043,10.707222222222224,1,0.51,7.71,37,6.635588484654352,2019-10-06 14:00:00,60.303525451006834,24.55039100896953,Nuuksio
1043,10.701666666666666,1,0.48,8.39,41,7.1780051208393125,2019-10-06 15:00:00,60.303525451006834,24.55039100896953,Nuuksio
1043,10.696388888888887,1,0.52,8.29,22,6.644644267627913,2019-10-06 16:00:00,60.303525451006834,24.55039100896953,Nuuksio
1043,10.690833333333334,1,0.48,8.34,12,7.1780051208393125,2019-10-06 17:00:00,60.303525451006834,24.55039100896953,Nuuksio
1043,10.685555555555556,0,0.55,7.54,12,2.6581362109565534,2019-10-06 18:00:00,60.303525451006834,24.55039100896953,Nuuksio
1043,10.68,0,0.9,4.0,2,1.8856305422569555,2019-10-06 19:00:00,60.303525451006834,24.55039100896953,Nuuksio
1043,10.674722222222222,0,0.58,6.97,0,2.52336851296089,2019-10-06 20:00:00,60.303525451006834,24.55039100896953,Nuuksio
1043,10.669166666666667,0,0.55,6.85,0,2.5287203126392384,2019-10-06 21:00:00,60.303525451006834,24.55039100896953,Nuuksio
1043,10.663888888888893,0,0.55,7.07,0,2.5119885637335386,2019-10-06 22:00:00,60.303525451006834,24.55039100896953,Nuuksio
1043,10.658333333333333,0,0.58,6.17,0,2.268800247963946,2019-10-06 23:00:00,60.303525451006834,24.55039100896953,Nuuksio
1043,10.652777777777779,0,0.59,6.23,0,2.327322132063459,2019-10-07 00:00:00,60.303525451006834,24.55039100896953,Nuuksio
1043,10.6475,0,0.59,6.34,0,2.3874693152713102,2019-10-07 01:00:00,60.303525451006834,24.55039100896953,Nuuksio
1043,10.641944444444443,0,0.59,6.49,0,2.3874693152713102,2019-10-07 02:00:00,60.303525451006834,24.55039100896953,Nuuksio
1043,10.636666666666667,0,0.6,6.35,0,2.2546399163856385,2019-10-07 03:00:00,60.303525451006834,24.55039100896953,Nuuksio
1043,10.631111111111107,0,0.6,6.41,0,2.2546399163856385,2019-10-07 04:00:00,60.303525451006834,24.55039100896953,Nuuksio
1043,10.625833333333333,0,0.65,5.31,0,2.1240490336610094,2019-10-07 05:00:00,60.303525451006834,24.55039100896953,Nuuksio
1043,10.620277777777778,0,0.68,5.29,0,2.1503893086281423,2019-10-07 06:00:00,60.303525451006834,24.55039100896953,Nuuksio
1043,10.614722222222222,1,0.67,5.35,0,5.523190040738455,2019-10-07 07:00:00,60.303525451006834,24.55039100896953,Nuuksio
1043,10.609166666666667,1,0.66,5.51,0,5.588621133912789,2019-10-07 08:00:00,60.303525451006834,24.55039100896953,Nuuksio
1050,11.405277777777775,0,0.78,8.12,0,1.952469686328744,2019-10-01 05:00:00,60.27581963490531,24.463689284278523,Nuuksio
1050,11.4,0,0.78,8.07,0,1.952469686328744,2019-10-01 06:00:00,60.27581963490531,24.463689284278523,Nuuksio
1050,11.394444444444444,1,0.77,8.07,0,4.040849201397677,2019-10-01 07:00:00,60.27581963490531,24.463689284278523,Nuuksio
1050,11.389166666666664,1,0.77,8.07,0,4.040849201397677,2019-10-01 08:00:00,60.27581963490531,24.463689284278523,Nuuksio
1050,11.383611111111113,1,0.76,8.06,0,4.0611284403236985,2019-10-01 09:00:00,60.27581963490531,24.463689284278523,Nuuksio
1050,11.378611111111107,1,0.93,5.72,1,4.290186049715315,2019-10-01 10:00:00,60.27581963490531,24.463689284278523,Nuuksio
1050,11.373055555555556,1,0.85,5.93,1,4.422745220607957,2019-10-01 11:00:00,60.27581963490531,24.463689284278523,Nuuksio
1050,11.367777777777775,1,0.67,7.28,5,4.719245396175114,2019-10-01 12:00:00,60.27581963490531,24.463689284278523,Nuuksio
1050,11.362222222222226,1,0.67,7.19,0,4.719245396175114,2019-10-01 13:00:00,60.27581963490531,24.463689284278523,Nuuksio
1050,11.356666666666667,1,0.62,7.53,2,4.727201738868343,2019-10-01 14:00:00,60.27581963490531,24.463689284278523,Nuuksio
1050,11.351388888888893,1,0.67,6.06,0,4.760733740422215,2019-10-01 15:00:00,60.27581963490531,24.463689284278523,Nuuksio
1050,11.345833333333333,1,0.87,4.86,2,3.963225944998986,2019-10-01 16:00:00,60.27581963490531,24.463689284278523,Nuuksio
1050,11.340555555555556,1,0.88,1.6,4,3.5899626606483213,2019-10-01 17:00:00,60.27581963490531,24.463689284278523,Nuuksio
1050,11.335,0,0.63,6.02,7,1.8860320349119817,2019-10-01 18:00:00,60.27581963490531,24.463689284278523,Nuuksio
1050,11.329722222222221,0,0.8,5.49,2,1.7941913511354561,2019-10-01 19:00:00,60.27581963490531,24.463689284278523,Nuuksio
1050,11.324166666666667,0,0.7,4.92,0,1.7492408425403538,2019-10-01 20:00:00,60.27581963490531,24.463689284278523,Nuuksio
1050,11.318888888888884,0,0.84,4.63,1,1.5484006177676217,2019-10-01 21:00:00,60.27581963490531,24.463689284278523,Nuuksio
1050,11.313611111111117,0,0.64,4.97,0,1.672041839541636,2019-10-01 22:00:00,60.27581963490531,24.463689284278523,Nuuksio
1050,11.308333333333335,0,0.6,4.98,0,1.672041839541636,2019-10-01 23:00:00,60.27581963490531,24.463689284278523,Nuuksio
1050,11.302777777777774,0,0.6,3.84,0,1.6640928266222332,2019-10-02 00:00:00,60.27581963490531,24.463689284278523,Nuuksio
1050,11.2975,0,0.61,3.72,0,1.6640928266222332,2019-10-02 01:00:00,60.27581963490531,24.463689284278523,Nuuksio
1050,11.291944444444445,0,0.61,3.68,0,1.6640928266222332,2019-10-02 02:00:00,60.27581963490531,24.463689284278523,Nuuksio
1050,11.286388888888887,0,0.62,3.69,0,1.6640928266222332,2019-10-02 03:00:00,60.27581963490531,24.463689284278523,Nuuksio
1050,11.281111111111107,0,0.57,3.66,0,1.7384003414083908,2019-10-02 04:00:00,60.27581963490531,24.463689284278523,Nuuksio
1050,11.275555555555556,0,0.62,2.68,0,2.0157115284630223,2019-10-02 05:00:00,60.27581963490531,24.463689284278523,Nuuksio
1050,11.270277777777775,0,0.61,2.76,0,1.6640928266222332,2019-10-02 06:00:00,60.27581963490531,24.463689284278523,Nuuksio
1050,11.264722222222225,1,0.61,2.87,0,4.691721595732318,2019-10-02 07:00:00,60.27581963490531,24.463689284278523,Nuuksio
1050,11.259444444444444,1,1.0,3.28,1,3.803628117688974,2019-10-02 08:00:00,60.27581963490531,24.463689284278523,Nuuksio
1050,11.253888888888893,1,1.0,4.33,1,3.811577130608377,2019-10-02 09:00:00,60.27581963490531,24.463689284278523,Nuuksio
1050,11.248611111111114,1,0.62,2.56,0,4.644546610431497,2019-10-02 10:00:00,60.27581963490531,24.463689284278523,Nuuksio
1050,11.243333333333334,1,0.84,-0.56,3,2.9402450764886194,2019-10-02 11:00:00,60.27581963490531,24.463689284278523,Nuuksio
1050,11.238055555555556,1,0.9,6.52,1,4.1772161403693335,2019-10-02 12:00:00,60.27581963490531,24.463689284278523,Nuuksio
1050,11.2325,1,0.85,6.41,1,4.21762731649349,2019-10-02 13:00:00,60.27581963490531,24.463689284278523,Nuuksio
1225,11.405277777777775,0,0.78,8.12,0,0.7317479108156522,2019-10-01 05:00:00,60.29819039594651,24.456289749063266,Nuuksio
1225,11.4,0,0.78,8.07,0,0.7317479108156522,2019-10-01 06:00:00,60.29819039594651,24.456289749063266,Nuuksio
1225,11.394444444444444,1,0.77,8.07,0,1.9309124558561301,2019-10-01 07:00:00,60.29819039594651,24.456289749063266,Nuuksio
1225,11.389166666666664,1,0.77,8.07,0,1.9309124558561301,2019-10-01 08:00:00,60.29819039594651,24.456289749063266,Nuuksio
1225,11.383611111111113,1,0.76,8.06,0,1.9511916947821522,2019-10-01 09:00:00,60.29819039594651,24.456289749063266,Nuuksio
1225,11.378611111111107,1,0.93,5.72,1,2.283764592109773,2019-10-01 10:00:00,60.29819039594651,24.456289749063266,Nuuksio
1225,11.373055555555556,1,0.85,5.93,1,2.208362150133857,2019-10-01 11:00:00,60.29819039594651,24.456289749063266,Nuuksio
1225,11.367777777777775,1,0.67,7.6,1,2.430890353858865,2019-10-01 12:00:00,60.29819039594651,24.456289749063266,Nuuksio
1225,11.362222222222226,1,0.67,7.19,0,2.430890353858865,2019-10-01 13:00:00,60.29819039594651,24.456289749063266,Nuuksio
1225,11.356666666666667,1,0.63,7.14,0,2.068672918309932,2019-10-01 14:00:00,60.29819039594651,24.456289749063266,Nuuksio
1225,11.351388888888893,1,0.67,6.06,0,2.4762887905322226,2019-10-01 15:00:00,60.29819039594651,24.456289749063266,Nuuksio
1225,11.345833333333333,1,0.68,5.86,0,2.5391651357722416,2019-10-01 16:00:00,60.29819039594651,24.456289749063266,Nuuksio
1225,11.340555555555556,1,0.69,5.82,0,2.2375034321082237,2019-10-01 17:00:00,60.29819039594651,24.456289749063266,Nuuksio
1225,11.335,0,0.63,6.02,4,0.1913291068001342,2019-10-01 18:00:00,60.29819039594651,24.456289749063266,Nuuksio
1225,11.329722222222221,0,0.68,5.09,0,0.4486998395365568,2019-10-01 19:00:00,60.29819039594651,24.456289749063266,Nuuksio
1225,11.324166666666667,0,0.7,4.92,0,0.47168769849280534,2019-10-01 20:00:00,60.29819039594651,24.456289749063266,Nuuksio
1225,11.318888888888884,0,0.64,5.0,0,0.4416737091705146,2019-10-01 21:00:00,60.29819039594651,24.456289749063266,Nuuksio
1225,11.313611111111117,0,0.64,4.97,0,0.4416737091705146,2019-10-01 22:00:00,60.29819039594651,24.456289749063266,Nuuksio
1225,11.308333333333335,0,0.6,4.98,0,-0.03998774048974691,2019-10-01 23:00:00,60.29819039594651,24.456289749063266,Nuuksio
1225,11.302777777777774,0,0.6,3.84,0,-0.2550009440283951,2019-10-02 00:00:00,60.29819039594651,24.456289749063266,Nuuksio
1225,11.2975,0,0.61,3.72,0,-0.23945475734965538,2019-10-02 01:00:00,60.29819039594651,24.456289749063266,Nuuksio
1225,11.291944444444445,0,0.61,3.68,0,-0.23945475734965538,2019-10-02 02:00:00,60.29819039594651,24.456289749063266,Nuuksio
1225,11.286388888888887,0,0.62,3.69,0,-0.23945475734965538,2019-10-02 03:00:00,60.29819039594651,24.456289749063266,Nuuksio
1225,11.281111111111107,0,0.57,3.66,0,-0.22488699614065366,2019-10-02 04:00:00,60.29819039594651,24.456289749063266,Nuuksio
1225,11.275555555555556,0,0.62,2.68,0,0.2489949172183415,2019-10-02 05:00:00,60.29819039594651,24.456289749063266,Nuuksio
1225,11.270277777777775,0,0.61,2.76,0,-0.27450218109195823,2019-10-02 06:00:00,60.29819039594651,24.456289749063266,Nuuksio
1225,11.264722222222225,1,0.61,2.87,0,1.7881210103290404,2019-10-02 07:00:00,60.29819039594651,24.456289749063266,Nuuksio
1225,11.259444444444444,1,1.0,3.28,1,1.9922317618026777,2019-10-02 08:00:00,60.29819039594651,24.456289749063266,Nuuksio
1225,11.253888888888893,1,1.0,4.33,1,2.0117329988662394,2019-10-02 09:00:00,60.29819039594651,24.456289749063266,Nuuksio
1225,11.248611111111114,1,0.62,2.56,0,1.912824421497739,2019-10-02 10:00:00,60.29819039594651,24.456289749063266,Nuuksio
1225,11.243333333333334,1,0.56,3.89,0,1.671549520476787,2019-10-02 11:00:00,60.29819039594651,24.456289749063266,Nuuksio
1225,11.238055555555556,1,0.56,3.87,0,1.671549520476787,2019-10-02 12:00:00,60.29819039594651,24.456289749063266,Nuuksio
1225,11.2325,1,0.51,4.98,0,1.6342953803171052,2019-10-02 13:00:00,60.29819039594651,24.456289749063266,Nuuksio
1246,11.410833333333333,0,0.83,8.17,0,1.3658693573077638,2019-10-01 04:00:00,60.282421996333504,24.50587378959941,Nuuksio
1246,11.405277777777775,0,0.78,8.12,0,1.3155433318601522,2019-10-01 05:00:00,60.282421996333504,24.50587378959941,Nuuksio
1246,11.4,0,0.93,8.98,1,1.4061926026260603,2019-10-01 06:00:00,60.282421996333504,24.50587378959941,Nuuksio
1246,11.394444444444444,1,0.77,8.07,0,3.1669319162434526,2019-10-01 07:00:00,60.282421996333504,24.50587378959941,Nuuksio
1246,11.389166666666664,1,0.77,8.07,0,3.1669319162434526,2019-10-01 08:00:00,60.282421996333504,24.50587378959941,Nuuksio
1246,11.383611111111113,1,0.93,5.81,1,3.519784052497095,2019-10-01 09:00:00,60.282421996333504,24.50587378959941,Nuuksio
1246,11.378611111111107,1,0.93,5.72,2,3.519784052497095,2019-10-01 10:00:00,60.282421996333504,24.50587378959941,Nuuksio
1246,11.373055555555556,1,0.71,7.42,0,3.4281244558221857,2019-10-01 11:00:00,60.282421996333504,24.50587378959941,Nuuksio
1246,11.367777777777775,1,0.67,7.6,2,3.6669098142461793,2019-10-01 12:00:00,60.282421996333504,24.50587378959941,Nuuksio
1246,11.362222222222226,1,0.67,7.19,0,3.6669098142461793,2019-10-01 13:00:00,60.282421996333504,24.50587378959941,Nuuksio
1246,11.356666666666667,1,0.62,7.53,1,3.317859388817974,2019-10-01 14:00:00,60.282421996333504,24.50587378959941,Nuuksio
1246,11.351388888888893,1,0.67,6.06,0,3.725475261040264,2019-10-01 15:00:00,60.282421996333504,24.50587378959941,Nuuksio
1246,11.345833333333333,1,0.87,4.86,1,3.105481748310891,2019-10-01 16:00:00,60.282421996333504,24.50587378959941,Nuuksio
1246,11.340555555555556,1,0.69,5.82,9,3.4866899026162703,2019-10-01 17:00:00,60.282421996333504,24.50587378959941,Nuuksio
1246,11.335,0,0.86,1.36,3,0.6375693313079308,2019-10-01 18:00:00,60.282421996333504,24.50587378959941,Nuuksio
1246,11.329722222222221,0,0.8,5.49,1,1.2287530179077804,2019-10-01 19:00:00,60.282421996333504,24.50587378959941,Nuuksio
1246,11.324166666666667,0,0.7,4.92,0,1.088519012822823,2019-10-01 20:00:00,60.282421996333504,24.50587378959941,Nuuksio
1246,11.318888888888884,0,0.64,5.0,0,1.0585050235005302,2019-10-01 21:00:00,60.282421996333504,24.50587378959941,Nuuksio
1246,11.313611111111117,0,0.64,4.97,0,1.0585050235005302,2019-10-01 22:00:00,60.282421996333504,24.50587378959941,Nuuksio
1246,11.308333333333335,0,0.6,4.98,0,0.5768435738402699,2019-10-01 23:00:00,60.282421996333504,24.50587378959941,Nuuksio
1246,11.302777777777774,0,0.6,3.84,0,0.3618303703016215,2019-10-02 00:00:00,60.282421996333504,24.50587378959941,Nuuksio
1246,11.2975,0,0.61,3.72,0,0.3773765569803614,2019-10-02 01:00:00,60.282421996333504,24.50587378959941,Nuuksio
1246,11.291944444444445,0,0.61,3.68,0,0.3773765569803614,2019-10-02 02:00:00,60.282421996333504,24.50587378959941,Nuuksio
1246,11.286388888888887,0,0.62,3.69,0,0.3773765569803614,2019-10-02 03:00:00,60.282421996333504,24.50587378959941,Nuuksio
1246,11.281111111111107,0,0.57,3.66,0,0.39194431818936265,2019-10-02 04:00:00,60.282421996333504,24.50587378959941,Nuuksio
1246,11.275555555555556,0,0.62,2.68,0,0.8089617339989098,2019-10-02 05:00:00,60.282421996333504,24.50587378959941,Nuuksio
1246,11.270277777777775,0,0.61,2.76,0,0.28546463568860764,2019-10-02 06:00:00,60.282421996333504,24.50587378959941,Nuuksio
1246,11.264722222222225,1,0.61,2.87,0,2.8686817761845,2019-10-02 07:00:00,60.282421996333504,24.50587378959941,Nuuksio
1246,11.259444444444444,1,0.61,2.88,0,2.8686817761845,2019-10-02 08:00:00,60.282421996333504,24.50587378959941,Nuuksio
1246,11.253888888888893,1,0.62,2.74,5,2.8686817761845,2019-10-02 09:00:00,60.282421996333504,24.50587378959941,Nuuksio
1246,11.248611111111114,1,0.95,5.45,2,3.531911472685224,2019-10-02 10:00:00,60.282421996333504,24.50587378959941,Nuuksio
1246,11.243333333333334,1,0.95,5.53,2,3.531911472685224,2019-10-02 11:00:00,60.282421996333504,24.50587378959941,Nuuksio
1246,11.238055555555556,1,0.9,6.52,2,3.244802569942477,2019-10-02 12:00:00,60.282421996333504,24.50587378959941,Nuuksio
1246,11.2325,1,0.51,4.98,0,3.0213967332114415,2019-10-02 13:00:00,60.282421996333504,24.50587378959941,Nuuksio
